INSERT INTO ACCOUNT (id, email, password, full_name, status, created_at, last_login_at) VALUES
(1, 'superadmin01@darling.com', '$2b$10$sa01hash', 'Sophia Bennett', 'active', '2023-11-20 09:10:00', '2025-12-15 08:30:00'),
(2, 'superadmin02@darling.com', '$2b$10$sa02hash', 'Ethan Clarke', 'active', '2023-11-21 10:15:00', '2025-12-14 17:20:00'),
(3, 'superadmin03@darling.com', '$2b$10$sa03hash', 'Olivia Hayes', 'active', '2024-11-22 11:20:00', '2025-12-13 14:05:00'),
(4, 'superadmin04@darling.com', '$2b$10$sa04hash', 'Liam Turner', 'active', '2024-11-23 12:25:00', '2025-12-10 09:40:00'),
(5, 'superadmin05@darling.com', '$2b$10$sa05hash', 'Ava Mitchell', 'locked', '2025-11-24 13:30:00', '2025-12-01 10:00:00'),
(6, 'ops01@darling.com', '$2b$10$op01hash', 'Mason Reed', 'active', '2025-11-25 09:05:00', '2025-12-15 11:10:00'),
(7, 'ops02@darling.com', '$2b$10$op02hash', 'Amelia Brooks', 'active', '2025-11-26 10:10:00', '2025-12-14 16:45:00'),
(8, 'ops03@darling.com', '$2b$10$op03hash', 'Noah Foster', 'active', '2025-11-27 11:15:00', '2025-12-12 13:30:00'),
(9, 'ops04@darling.com', '$2b$10$op04hash', 'Charlotte Price', 'locked', '2025-11-28 12:20:00', '2025-11-30 09:00:00'),
(10, 'ops05@darling.com', '$2b$10$op05hash', 'James Collins', 'active', '2025-11-29 13:25:00', '2025-12-15 15:55:00'),
(11, 'user01@gmail.com', '$2b$10$us01hash', 'Emma Johnson', 'active', '2024-12-01 08:30:00', '2024-12-15 20:10:00'),
(12, 'user02@gmail.com', '$2b$10$us02hash', 'William Anderson', 'active', '2024-12-01 09:05:00', '2024-12-20 19:00:00'),
(13, 'user03@gmail.com', '$2b$10$us03hash', 'Mia Martinez', 'active', '2024-12-01 09:40:00', '2024-12-14 19:00:00'),
(14, 'user04@gmail.com', '$2b$10$us04hash', 'Benjamin Taylor', 'active', '2025-12-01 10:15:00', '2025-12-02 08:20:00'),
(15, 'user05@gmail.com', '$2b$10$us05hash', 'Harper Wilson', 'locked', '2025-12-01 10:50:00', '2025-12-02 09:30:00'),
(16, 'user06@gmail.com', '$2b$10$us06hash', 'Daniel Thomas', 'active', '2025-12-01 11:25:00', '2025-12-18 19:00:00'),
(17, 'user07@gmail.com', '$2b$10$us07hash', 'Evelyn Moore', 'active', '2025-12-01 12:00:00', '2025-12-11 21:45:00'),
(18, 'user08@gmail.com', '$2b$10$us08hash', 'Logan Jackson', 'active', '2025-12-01 12:35:00', '2025-12-10 22:00:00'),
(19, 'user09@gmail.com', '$2b$10$us09hash', 'Abigail White', 'active', '2025-12-01 13:10:00', '2025-12-09 10:10:00'),
(20, 'user10@gmail.com', '$2b$10$us10hash', 'Henry Harris', 'active', '2025-12-01 13:45:00', '2025-12-16 19:00:00');

INSERT INTO 'ROLE' (id, name) VALUES
(1, 'super_admin'),
(2, 'operation_staff'),
(3, 'user');

INSERT INTO ACCOUNT_ROLE (account_id, role_id) VALUES
(1, 1), (2, 1), (3, 1), (4, 1), (5, 1),
(6, 2), (7, 2), (8, 2), (9, 2), (10, 2),
(11, 3), (12, 3), (13, 3), (14, 3), (15, 3),
(16, 3), (17, 3), (18, 3), (19, 3), (20, 3);

INSERT INTO ORDER (id, user_id, tracking_number, total_amount, shipping_fee, final_amount, status, shipping_address, created_at, shipping_carrier) VALUES
(1001, 11, 'DAR-TRK-20241201-1101', 43.50, 4.00, 47.50, 'completed', 'Emma Johnson, 1207 Maple Ave, Arlington, VA 22201', '2024-12-01 10:20:00', 'UPS'),
(1002, 12, 'DAR-TRK-20241201-1201', 18.40, 3.50, 21.90, 'completed', 'William Anderson, 88 King St, Alexandria, VA 22314', '2024-12-01 14:10:00', 'USPS'),
(1003, 13, 'DAR-TRK-20241202-1301', 22.90, 3.50, 26.40, 'completed', 'Mia Martinez, 410 River Rd, Fairfax, VA 22030', '2024-12-02 11:25:00', 'USPS'),
(1004, 11, 'DAR-TRK-20241203-1102', 46.00, 5.00, 51.00, 'completed', 'Emma Johnson, 1207 Maple Ave, Arlington, VA 22201', '2024-12-03 09:15:00', 'FedEx'),
(1005, 12, 'DAR-TRK-20241206-1202', 70.20, 5.00, 75.20, 'completed', 'William Anderson, 88 King St, Alexandria, VA 22314', '2024-12-06 16:40:00', 'FedEx'),
(1006, 13, 'DAR-TRK-20241208-1302', 49.30, 5.00, 54.30, 'completed', 'Mia Martinez, 410 River Rd, Fairfax, VA 22030', '2024-12-08 19:05:00', 'FedEx'),
(1007, 11, 'DAR-TRK-20241212-1103', 82.40, 6.00, 88.40, 'declined', 'Emma Johnson, 1207 Maple Ave, Arlington, VA 22201', '2024-12-12 20:05:00', 'DHL'),
(1008, 12, 'DAR-TRK-20241218-1203', 48.00, 4.00, 52.00, 'receive_return_package', 'William Anderson, 88 King St, Alexandria, VA 22314', '2024-12-18 18:30:00', 'UPS'),
(1009, 13, 'DAR-TRK-20241214-1303', 21.20, 4.00, 25.20, 'cancelled', 'Mia Martinez, 410 River Rd, Fairfax, VA 22030', '2024-12-14 09:10:00', 'UPS'),
(1010, 12, 'DAR-TRK-20241220-1204', 48.90, 6.00, 54.90, 'completed', 'William Anderson, 88 King St, Alexandria, VA 22314', '2024-12-20 18:50:00', 'DHL'),
(1011, 14, 'DAR-TRK-20251201-1401', 34.80, 3.50, 38.30, 'completed', 'Benjamin Taylor, 15 Oak Dr, Falls Church, VA 22043', '2025-12-01 18:10:00', 'USPS'),
(1012, 15, 'DAR-TRK-20251201-1501', 31.20, 4.00, 35.20, 'cancelled', 'Harper Wilson, 900 Sunset Blvd, Arlington, VA 22203', '2025-12-01 20:15:00', 'UPS'),
(1013, 15, 'DAR-TRK-20251202-1502', 69.70, 5.00, 74.70, 'completed', 'Harper Wilson, 900 Sunset Blvd, Arlington, VA 22203', '2025-12-02 08:55:00', 'FedEx'),
(1014, 16, 'DAR-TRK-20251203-1601', 35.30, 3.50, 38.80, 'completed', 'Daniel Thomas, 77 Lake View, Vienna, VA 22180', '2025-12-03 10:45:00', 'USPS'),
(1015, 19, 'DAR-TRK-20251203-1901', 95.40, 6.00, 101.40, 'completed', 'Abigail White, 66 Birch Rd, Springfield, VA 22150', '2025-12-03 16:05:00', 'USPS'),
(1016, 20, 'DAR-TRK-20251206-2001', 18.90, 6.00, 24.90, 'completed', 'Henry Harris, 5 Garden Ct, Manassas, VA 20110', '2025-12-06 14:45:00', 'DHL'),
(1017, 17, 'DAR-TRK-20251207-1701', 59.80, 5.00, 64.80, 'completed', 'Evelyn Moore, 302 Pine St, Reston, VA 20190', '2025-12-07 12:30:00', 'FedEx'),
(1018, 19, 'DAR-TRK-20251209-1902', 150.00, 5.00, 155.00, 'shipped', 'Abigail White, 66 Birch Rd, Springfield, VA 22150', '2025-12-09 09:50:00', 'FedEx'),
(1019, 18, 'DAR-TRK-20251209-1801', 89.00, 6.00, 95.00, 'receive_return_package', 'Logan Jackson, 11 Cedar Ln, Herndon, VA 20170', '2025-12-09 18:25:00', 'DHL'),
(1020, 17, 'DAR-TRK-20251211-1702', 25.90, 3.50, 29.40, 'receive_return_package', 'Evelyn Moore, 302 Pine St, Reston, VA 20190', '2025-12-11 20:40:00', 'USPS'),
(1021, 16, 'DAR-TRK-20251212-1602', 95.40, 6.00, 101.40, 'completed', 'Daniel Thomas, 77 Lake View, Vienna, VA 22180', '2025-12-12 09:30:00', 'DHL'),
(1022, 20, 'DAR-TRK-20251216-2002', 34.70, 5.00, 39.70, 'processing', 'Henry Harris, 5 Garden Ct, Manassas, VA 20110', '2025-12-16 18:55:00', 'FedEx');

INSERT INTO ORDER_ITEM (id, order_id, product_variant_id, quantity, price_at_purchase) VALUES
(5001, 1001, 6, 2, 18.50),
(5002, 1001, 29, 1, 6.50),
(5003, 1002, 25, 2, 9.20),
(5004, 1003, 34, 2, 8.20),
(5005, 1003, 29, 1, 6.50),
(5006, 1004, 7, 2, 23.00),
(5007, 1005, 13, 2, 27.90),
(5008, 1005, 52, 2, 7.20),
(5009, 1006, 19, 1, 21.50),
(5010, 1006, 2, 2, 13.90),
(5011, 1007, 6, 3, 18.80),
(5012, 1007, 24, 2, 13.00),
(5013, 1008, 20, 2, 24.00),
(5014, 1009, 31, 1, 12.00),
(5015, 1009, 38, 1, 9.20),
(5016, 1010, 5, 2, 17.50),
(5017, 1010, 44, 1, 13.90),
(5101, 1011, 6, 1, 19.90),
(5102, 1011, 44, 1, 14.90),
(5103, 1012, 29, 3, 6.90),
(5104, 1012, 3, 1, 10.50),
(5105, 1013, 13, 1, 29.90),
(5106, 1013, 6, 2, 19.90),
(5107, 1014, 4, 1, 11.90),
(5108, 1014, 1, 1, 12.90),
(5109, 1014, 3, 1, 10.50),
(5110, 1015, 6, 4, 19.90),
(5111, 1015, 52, 2, 7.90),
(5112, 1016, 5, 1, 18.90),
(5113, 1017, 13, 2, 29.90),
(5114, 1018, 42, 12, 12.50),
(5115, 1019, 34, 10, 8.90),
(5116, 1020, 20, 1, 25.90),
(5117, 1021, 6, 4, 19.90),
(5118, 1021, 52, 2, 7.90),
(5119, 1022, 2, 1, 14.90),
(5120, 1022, 1, 1, 12.90),
(5121, 1022, 29, 1, 6.90);

INSERT INTO PAYMENT (id, order_id, method, transaction, amount, status) VALUES
(8001, 1001, 'STRIPE', 'pi_1001_241201', 47.50, 'paid'),
(8002, 1002, 'COD', 'COD-1002', 21.90, 'paid'),
(8003, 1003, 'STRIPE', 'pi_1003_241202', 26.40, 'paid'),
(8004, 1004, 'STRIPE', 'pi_1004_241203', 51.00, 'paid'),
(8005, 1005, 'STRIPE', 'pi_1005_241206', 75.20, 'paid'),
(8006, 1006, 'STRIPE', 'pi_1006_241208', 54.30, 'paid'),
(8007, 1007, 'STRIPE', 'pi_1007_241212', 88.40, 'failed'),
(8008, 1008, 'STRIPE', 'pi_1008_241218', 52.00, 'paid'),
(8009, 1009, 'STRIPE', 'pi_1009_241214', 25.20, 'paid'),
(8010, 1010, 'STRIPE', 'pi_1010_241220', 54.90, 'paid'),
(8011, 1011, 'COD', 'COD-1011', 38.30, 'paid'),
(8012, 1012, 'STRIPE', 'pi_1012_251201', 35.20, 'paid'),
(8013, 1013, 'STRIPE', 'pi_1013_251202', 74.70, 'paid'),
(8014, 1014, 'STRIPE', 'pi_1014_251203', 38.80, 'paid'),
(8015, 1015, 'STRIPE', 'pi_1015_251203', 101.40, 'paid'),
(8016, 1016, 'COD', 'COD-1016', 24.90, 'paid'),
(8017, 1017, 'STRIPE', 'pi_1017_251207', 64.80, 'paid'),
(8018, 1018, 'COD', 'COD-1018', 155.00, 'pending'),
(8019, 1019, 'STRIPE', 'pi_1019_251209', 95.00, 'paid'),
(8020, 1020, 'STRIPE', 'pi_1020_251211', 29.40, 'paid'),
(8021, 1021, 'STRIPE', 'pi_1021_251212', 101.40, 'paid'),
(8022, 1022, 'STRIPE', 'pi_1022_251216', 39.70, 'pending');

INSERT INTO CATEGORY (id, parent_id, name, slug) VALUES
(1, NULL, 'Facial Skincare', 'facial-skincare'),
(2, 1, 'Makeup Remover', 'makeup-remover'),
(3, 1, 'Facial Cleanser', 'facial-cleanser'),
(4, 1, 'Toner', 'toner'),
(5, 1, 'Serum', 'serum'),
(6, NULL, 'Makeup', 'makeup'),
(7, 6, 'Face Makeup', 'face-makeup'),
(8, 7, 'Foundation', 'foundation'),
(9, 7, 'Cushion', 'cushion'),
(10, 7, 'Concealer', 'concealer'),
(11, 6, 'Eye Makeup', 'eye-makeup'),
(12, 11, 'Mascara', 'mascara'),
(13, 11, 'Eyeliner', 'eyeliner'),
(14, 11, 'Eyeshadow', 'eyeshadow'),
(15, 6, 'Lip Makeup', 'lip-makeup'),
(16, 15, 'Lip Balm', 'lip-balm'),
(17, 15, 'Lipstick', 'lipstick'),
(18, 15, 'Lip Gloss', 'lip-gloss'),
(19, NULL, 'Hair Care', 'hair-care'),
(20, 19, 'Shampoo', 'shampoo'),
(21, 19, 'Conditioner', 'conditioner'),
(22, 19, 'Hair Treatment', 'hair-treatment'),
(23, NULL, 'Body Care', 'body-care'),
(24, 23, 'Body Wash', 'body-wash'),
(25, 23, 'Body Scrub', 'body-scrub'),
(26, 23, 'Deodorant', 'deodorant'),
(27, 23, 'Body Lotion', 'body-lotion');

INSERT INTO PRODUCT (id, spu, category_id, name, description, base_price, status, image_url) VALUES
(1, 'SPU0001', 2, 'Gentle Makeup Remover', 'Removes makeup without drying the skin.', 12.90, 'active', 'https://drive.google.com/file/d/1p7LgeKzDx5ft7_DmgPeIeU-xwAPj2K6k/view?usp=sharing'),
(2, 'SPU0002', 3, 'Foaming Facial Cleanser', 'Daily cleanser for all skin types.', 10.50, 'active', 'https://api.muji.com.vn/media/catalog/product/cache/2e9290695da361a7d6192a4c8c689807/4/5/4549337319349_org.jpg'),
(3, 'SPU0003', 4, 'Hydrating Toner', 'Helps balance and hydrate skin.', 11.90, 'active', 'https://api.muji.com.vn/media/catalog/product/cache/2e9290695da361a7d6192a4c8c689807/4/5/4550583434991_org.jpg'),
(4, 'SPU0004', 5, 'Vitamin C Serum', 'Brightening serum for radiant skin.', 18.90, 'active', 'https://wafuu.com/cdn/shop/files/muji-high-concentration-vitamin-c-derivative-beauty-serum-30ml-547.jpg?v=1719548455'),
(5, 'SPU0005', 5, 'Hyaluronic Acid Serum', 'Deep hydration and moisture boost.', 19.90, 'active', 'https://m.media-amazon.com/images/I/41D8O0A584L.jpg'),
(6, 'SPU0006', 8, 'Lotus water foundation', 'Matte finish foundation with medium coverage.', 24.90, 'active', 'https://theklog.co/wp-content/uploads/2019/08/Rovectin_Lotus-Water-Cream_1.jpg'),
(7, 'SPU0007', 8, 'Full Coverage Foundation', 'Long-lasting foundation for flawless skin.', 29.90, 'active', 'https://m.media-amazon.com/images/I/61M-kX+WlPL.jpg'),
(8, 'SPU0008', 9, 'Natural Glow Cushion', 'Lightweight cushion with natural glow.', 22.90, 'active', 'https://m.media-amazon.com/images/I/71r9v5DkZtL.jpg'),
(9, 'SPU0009', 9, 'High Coverage Cushion', 'Cushion compact with higher coverage.', 25.90, 'active', 'https://m.media-amazon.com/images/I/61vK6f8KxTL.jpg'),
(10, 'SPU0010', 10, 'Creamy Concealer', 'Smooth concealer for dark circles.', 14.90, 'active', 'https://m.media-amazon.com/images/I/51bA7Yn9CML.jpg'),
(11, 'SPU0011', 12, 'Lengthening Mascara', 'Mascara for longer-looking lashes.', 13.90, 'active', 'https://m.media-amazon.com/images/I/61NfXpC4SML.jpg'),
(12, 'SPU0012', 13, 'Waterproof Eyeliner', 'Smudge-proof eyeliner for all-day wear.', 9.90, 'active', 'https://m.media-amazon.com/images/I/51fG-w9mCXL.jpg'),
(13, 'SPU0013', 14, 'Neutral Eyeshadow Palette', 'Neutral tones for everyday makeup.', 16.90, 'active', 'https://m.media-amazon.com/images/I/71nS0f9pSML.jpg'),
(14, 'SPU0014', 14, 'Shimmer Eyeshadow Palette', 'Shimmery shades for glam looks.', 18.50, 'active', 'https://m.media-amazon.com/images/I/71e-XpC4SML.jpg'),
(15, 'SPU0015', 16, 'Nourishing Lip Balm', 'Hydrating lip balm for daily care.', 6.90, 'active', 'https://api.muji.com.vn/media/catalog/product/cache/2e9290695da361a7d6192a4c8c689807/4/5/4550344294406_01_org_1.jpg'),
(16, 'SPU0016', 17, 'Classic Red Lipstick', 'Classic lipstick with bold color.', 12.90, 'active', 'https://m.media-amazon.com/images/I/51pA7Yn9CML.jpg'),
(17, 'SPU0017', 18, 'Clear Lip Gloss', 'Glossy finish with light shine.', 8.90, 'active', 'https://m.media-amazon.com/images/I/51A7Yn9CML.jpg'),
(18, 'SPU0018', 20, 'Moisturizing Shampoo', 'Gentle shampoo for soft hair.', 9.90, 'active', 'https://api.muji.com.vn/media/catalog/product/cache/2e9290695da361a7d6192a4c8c689807/4/5/4550583424107_org.jpg'),
(19, 'SPU0019', 20, 'Anti-Dandruff Shampoo', 'Helps reduce dandruff and itchiness.', 11.90, 'active', 'https://m.media-amazon.com/images/I/61X-XpC4SML.jpg'),
(20, 'SPU0020', 20, 'Volume Boost Shampoo', 'Adds volume to fine hair.', 12.90, 'active', 'https://m.media-amazon.com/images/I/61X-XpC4SML.jpg'),
(21, 'SPU0021', 21, 'Smooth Conditioner', 'Makes hair smooth and manageable.', 10.90, 'active', 'https://api.muji.com.vn/media/catalog/product/cache/2e9290695da361a7d6192a4c8c689807/4/5/4550583424152_org.jpg'),
(22, 'SPU0022', 21, 'Repair Conditioner', 'Repairs dry and damaged hair.', 12.50, 'active', 'https://m.media-amazon.com/images/I/61X-XpC4SML.jpg'),
(23, 'SPU0023', 21, 'Color Protect Conditioner', 'Protects color-treated hair.', 13.50, 'active', 'https://m.media-amazon.com/images/I/61X-XpC4SML.jpg'),
(24, 'SPU0024', 22, 'Hair Mask Treatment', 'Deep conditioning hair mask.', 14.90, 'active', 'https://img.muji.net/img/item/4550583451509_1260.jpg'),
(25, 'SPU0025', 22, 'Hair Serum Treatment', 'Leave-in serum to reduce frizz.', 15.90, 'active', 'https://img.muji.net/img/item/4549738970378_1260.jpg'),
(26, 'SPU0026', 22, 'Nourishing Hair Oil', 'Hair oil for shine and softness.', 16.90, 'active', 'https://kiichin.com/cdn/shop/files/Muji-Damage-Repair-Hair-Oil-100Ml-1740728370-0_1c2cdb58-20ae-4a08-889c-27551edb2695_702x700.jpg?v=1752745465'),
(27, 'SPU0027', 24, 'Refreshing Body Wash', 'Fresh body wash for daily use.', 8.90, 'inactive', 'https://img.muji.net/img/item/4547315295340_1260.jpg'),
(28, 'SPU0028', 24, 'Moisturizing Body Wash', 'Creamy wash for dry skin.', 10.90, 'active', 'https://img.muji.net/img/item/4550344593875_1260.jpg'),
(29, 'SPU0029', 24, 'Herbal Body Wash', 'Body wash with herbal extracts.', 11.50, 'active', 'https://img.muji.net/img/item/4550344593868_1260.jpg'),
(30, 'SPU0030', 25, 'Sugar Body Scrub', 'Gentle exfoliating body scrub.', 11.90, 'active', 'https://i.ebayimg.com/images/g/6rAAAOSwintmoPCU/s-l1200.jpg'),
(31, 'SPU0031', 25, 'Coffee Body Scrub', 'Exfoliating scrub with coffee scent.', 12.90, 'active', 'https://api.muji.com.vn/media/catalog/product/cache/2e9290695da361a7d6192a4c8c689807/4/5/4550583435134_org.jpg'),
(32, 'SPU0032', 26, 'Roll-On Deodorant', 'Daily odor protection.', 7.90, 'active', 'https://img.muji.net/img/item/4550583435134_1260.jpg'),
(33, 'SPU0033', 26, 'Spray Deodorant', 'Fresh spray deodorant.', 9.50, 'active', 'https://img.muji.net/img/item/4550344593851_1260.jpg'),
(34, 'SPU0034', 27, 'Light Body Lotion', 'Fast-absorbing body lotion.', 9.50, 'active', 'https://img.muji.net/img/item/4550344593844_1260.jpg'),
(35, 'SPU0035', 27, 'Deep Moisture Body Lotion', 'Deep hydration for dry skin.', 12.90, 'inactive', 'https://img.muji.net/img/item/4550344593837_1260.jpg');

INSERT INTO PRODUCT_VARIANT (id, product_id, sku_code, price, image_url, attributes) VALUES
(1, 1, 'SKU-SPU0001-01', 12.90, 'https://api.muji.com.vn/media/catalog/product/cache/2e9290695da361a7d6192a4c8c689807/4/9/4945247188240_02_org.jpg', NULL),
(2, 1, 'SKU-SPU0001-02', 14.90, 'https://api.muji.com.vn/media/catalog/product/cache/2e9290695da361a7d6192a4c8c689807/4/5/4550002867485_org.jpg', NULL),
(3, 2, 'SKU-SPU0002-01', 10.50, 'https://api.muji.com.vn/media/catalog/product/cache/2e9290695da361a7d6192a4c8c689807/4/5/4549337319349_org.jpg', NULL),
(4, 3, 'SKU-SPU0003-01', 11.90, 'https://api.muji.com.vn/media/catalog/product/cache/2e9290695da361a7d6192a4c8c689807/4/5/4550583434991_org.jpg', NULL),
(5, 4, 'SKU-SPU0004-01', 18.90, 'https://wafuu.com/cdn/shop/files/muji-high-concentration-vitamin-c-derivative-beauty-serum-30ml-580511_grande.webp?v=1723006524', NULL),
(6, 5, 'SKU-SPU0005-01', 19.90, 'https://api.muji.com.vn/media/catalog/product/cache/2e9290695da361a7d6192a4c8c689807/4/5/4550583451295_org.jpg', NULL),
(7, 6, 'SKU-SPU0006-01-01', 24.90, 'https://img.muji.net/img/item/4550002124700_1260.jpg', NULL),
(8, 6, 'SKU-SPU0006-01-02', 24.90, 'https://drive.google.com/file/d/1THdhd2ArgGyIBThnEy0X0XI53Ceebjxm/view?usp=drive_link', NULL),
(9, 6, 'SKU-SPU0006-02-01', 24.90, 'https://img.muji.net/img/item/4550002124748_1260.jpg', NULL),
(10, 6, 'SKU-SPU0006-02-02', 24.90, 'https://drive.google.com/file/d/1hPE0rDv7gpw--dslgulg8CPnMP-J5ra7/view?usp=drive_link', NULL),
(11, 6, 'SKU-SPU0006-03-01', 24.90, 'https://yoyojapanstore.com/cdn/shop/files/Muji-Liquid-Uv-Foundation-Light-Beige-Spf27-Pa-30Ml-02124731-Muji-4550002124731-0.jpg?v=1717081195', NULL),
(12, 6, 'SKU-SPU0006-03-02', 24.90, 'https://drive.google.com/file/d/1UddUt35RhtaI3T8wHeGcrt47CK7N5agL/view?usp=drive_link', NULL),
(13, 7, 'SKU-SPU0007-01-01', 29.90, 'https://img.muji.net/img/item/4550002124656_1260.jpg', NULL),
(14, 7, 'SKU-SPU0007-01-02', 29.90, 'https://img.muji.net/img/item/4550583916152_1260.jpg', NULL),
(15, 7, 'SKU-SPU0007-02-01', 29.90, 'https://japanwithlovestore.com/cdn/shop/products/Muji-Cream-Uv-Foundation-Slightly-Bright-Standard-Skin-Color-30G-X-1-Muji-4550002124670-0.jpg?v=1710243806&width=1200', NULL),
(16, 7, 'SKU-SPU0007-02-02', 29.90, 'https://img.muji.net/img/item/4550583916169_1260.jpg', NULL),
(17, 7, 'SKU-SPU0007-03-01', 29.90, 'https://japanwithlovestore.com/cdn/shop/products/Muji-Muji-Cream-Uv-Foundation-Lighter-Skin-Tone-Than-Slightly-Pink-30G-Muji-4550002124687-2.jpg?v=1710243813&width=1200', NULL),
(18, 7, 'SKU-SPU0007-03-02', 29.90, 'https://img.muji.net/img/item/4550583916176_1260.jpg', NULL),
(19, 8,  'SKU-SPU0008-01', 22.90, 'https://shoplineimg.com/6128bc12414291002e0cf03c/694370408f747bd04c027ba2/2000x.webp?source_format=jpg', NULL),
(20, 9,  'SKU-SPU0009-01', 25.90, 'https://shoplineimg.com/6128bc12414291002e0cf03c/6943703d538146a4292b1991/2000x.webp?source_format=jpg', NULL),
(21, 10, 'SKU-SPU0010-01', 14.90, 'https://img.muji.net/img/item/4550583916251_1260.jpg', NULL),
(22, 10, 'SKU-SPU0010-02', 14.90, 'https://img.muji.net/img/item/4550583916268_1260.jpg', NULL),
(23, 10, 'SKU-SPU0010-03', 14.90, 'https://img.muji.net/img/item/4550002124854_1260.jpg', NULL),
(24, 11, 'SKU-SPU0011-01', 13.90, 'https://img.muji.net/img/item/4550002124809_1260.jpg', NULL),
(25, 12, 'SKU-SPU0012-01',  9.90, 'https://img.muji.net/img/item/4550002124830_1260.jpg', NULL),
(26, 13, 'SKU-SPU0013-01', 16.90, 'https://shoplineimg.com/6128bc12414291002e0cf03c/6927da18b84bd4001039d161/2000x.webp?source_format=jpg', NULL),
(27, 13, 'SKU-SPU0013-02', 16.90, NULL, NULL),
(28, 14, 'SKU-SPU0014-01', 18.50, 'https://shoplineimg.com/6128bc12414291002e0cf03c/6927d8d413805b00125d6981/2000x.webp?source_format=jpg', NULL),
(29, 15, 'SKU-SPU0015-01',  6.90, 'https://img.muji.net/img/item/4547315822768_1260.jpg', NULL),
(30, 15, 'SKU-SPU0015-02',  6.90, 'https://img.muji.net/img/item/4547315822775_1260.jpg', NULL),
(31, 16, 'SKU-SPU0016-01', 12.90, 'https://drive.google.com/file/d/1nBeSO32LAvrmAsu1Vgr_vj9remefo905/view?usp=drive_link', NULL),
(32, 16, 'SKU-SPU0016-02', 12.90, 'https://drive.google.com/file/d/1VsZQ5N17so7se4WZN4Z2AKKJNu8Sh2Uc/view?usp=drive_link', NULL),
(33, 16, 'SKU-SPU0016-03', 12.90, 'https://drive.google.com/file/d/1u8iArLmR8-62rdM9Jg4FoQmARsGZ2U2p/view?usp=drive_link', NULL),
(34, 17, 'SKU-SPU0017-01',  8.90, 'https://drive.google.com/file/d/1xUAG90X_2DCCA38iIdzLGcSq_c-STRFn/view?usp=drive_link', NULL),
(35, 17, 'SKU-SPU0017-02',  8.90, 'https://drive.google.com/file/d/1Ek0WeAgzptQJlDcTEbxHfOlHR2OWkuOj/view?usp=drive_link', NULL),
(36, 17, 'SKU-SPU0017-03',  8.90, 'https://drive.google.com/file/d/1ckAzIrqEQoTykIxjkXGEUey2PNwV9twl/view?usp=drive_link', NULL),
(37, 17, 'SKU-SPU0017-04',  8.90, 'https://drive.google.com/file/d/1gg20p0vnHADu97Iew9iKQSLplO-3CJUy/view?usp=drive_link', NULL),
(38, 18, 'SKU-SPU0018-01',  9.90, 'https://img.muji.net/img/item/4550344294260_1260.jpg', NULL),
(39, 19, 'SKU-SPU0019-01', 11.90, 'https://img.muji.net/img/item/4550344294239_1260.jpg', NULL),
(40, 20, 'SKU-SPU0020-01', 12.90, 'https://img.muji.net/img/item/4550002545284_1260.jpg', NULL),
(41, 21, 'SKU-SPU0021-01', 10.90, 'https://img.muji.net/img/item/4550344593813_1260.jpg', NULL),
(42, 22, 'SKU-SPU0022-01', 12.50, 'https://img.muji.net/img/item/4550344294277_1260.jpg', NULL),
(43, 23, 'SKU-SPU0023-01', 13.50, 'https://img.muji.net/img/item/4550344294222_1260.jpg', NULL),
(44, 24, 'SKU-SPU0024-01', 14.90, 'https://img.muji.net/img/item/4550583451509_1260.jpg', NULL),
(45, 25, 'SKU-SPU0025-01', 15.90, 'https://img.muji.net/img/item/4549738970378_1260.jpg', NULL),
(46, 26, 'SKU-SPU0026-01', 16.90, 'https://kichin.com/cdn/shop/files/Muji-Damage-Repair-Hair-Oil-100Ml-1740728370-0_1c2cdb58-20ae-4a08-889c-27551edb2695_702x700.jpg?v=1752745465', NULL),
(47, 27, 'SKU-SPU0027-01',  8.90, 'https://img.muji.net/img/item/4547315295340_1260.jpg', NULL),
(48, 28, 'SKU-SPU0028-01', 10.90, 'https://img.muji.net/img/item/4550344593875_1260.jpg', NULL),
(49, 29, 'SKU-SPU0029-01', 11.50, 'https://img.muji.net/img/item/4550344593868_1260.jpg', NULL),
(50, 30, 'SKU-SPU0030-01', 11.90, 'https://i.ebayimg.com/images/g/6rAAOSwintmoPCU/s-l1200.jpg', NULL),
(51, 31, 'SKU-SPU0031-01', 12.90, 'https://api.muji.com.vn/media/catalog/product/cache/2e9290695da361a7d6192a4c8c689807/4/5/4549738984351_org.jpg', NULL),
(52, 32, 'SKU-SPU0032-01',  7.90, 'https://www.muji.com/public/media/img/item/4550344294369_org.jpg?im=Resize,width=1260', NULL),
(53, 33, 'SKU-SPU0033-01',  9.50, 'https://www.muji.com/public/media/img/item/4550583993283_org.jpg?im=Resize,width=1260', NULL),
(54, 34, 'SKU-SPU0034-01',  9.50, 'https://api.muji.com.vn/media/catalog/product/cache/2e9290695da361a7d6192a4c8c689807/4/5/4550583435011_org.jpg', NULL),
(55, 35, 'SKU-SPU0035-01', 12.90, 'https://api.muji.com.vn/media/catalog/product/cache/2e9290695da361a7d6192a4c8c689807/4/5/4550583435080_org.jpg', NULL);

INSERT INTO INVENTORY (id, product_variant, quantity, reserved_quantity, version) VALUES
(1,  1,  180,  6, 1),
(2,  2,  140,  5, 1),
(3,  3,  220,  8, 1),
(4,  4,  200,  7, 1),
(5,  5,  160,  5, 1),
(6,  6,  150,  4, 1),
(7,  7,   60,  3, 1),
(8,  8,  180,  6, 1),
(9,  9,   55,  2, 1),
(10, 10, 170,  5, 1),
(11, 11,  50,  2, 1),
(12, 12, 160,  5, 1),
(13, 13,  45,  2, 1),
(14, 14, 140,  4, 1),
(15, 15,  40,  2, 1),
(16, 16, 130,  4, 1),
(17, 17,  38,  1, 1),
(18, 18, 120,  3, 1),
(19, 19, 160,  6, 1),
(20, 20, 140,  5, 1),
(21, 21, 170,  6, 1),
(22, 22, 155,  5, 1),
(23, 23, 165,  5, 1),
(24, 24, 190,  7, 1),
(25, 25, 210,  8, 1),
(26, 26, 130,  4, 1),
(27, 27, 120,  4, 1),
(28, 28, 110,  3, 1),
(29, 29, 260, 10, 1),
(30, 30, 240,  9, 1),
(31, 31, 230,  8, 1),
(32, 32, 220,  8, 1),
(33, 33, 210,  7, 1),
(34, 34, 250,  9, 1),
(35, 35, 240,  9, 1),
(36, 36, 230,  8, 1),
(37, 37, 225,  8, 1),
(38, 38, 260, 10, 1),
(39, 39, 190,  6, 1),
(40, 40, 175,  6, 1),
(41, 41, 200,  7, 1),
(42, 42, 185,  6, 1),
(43, 43, 170,  5, 1),
(44, 44, 140,  4, 1),
(45, 45, 130,  4, 1),
(46, 46, 120,  4, 1),
(47, 47, 280, 12, 1),
(48, 48, 240,  9, 1),
(49, 49, 230,  8, 1),
(50, 50, 200,  7, 1),
(51, 51, 190,  6, 1),
(52, 52, 260, 10, 1),
(53, 53, 220,  8, 1),
(54, 54, 210,  8, 1),
(55, 55, 180,  6, 1);

INSERT INTO INVENTORY_LOGS (id, product_variant_id, change_quantity, reason, reference_id, created_at) VALUES
(9001, 6,  -2, 'ORDER_1001_PROCESSING_DEDUCT', 1001, '2024-01-12 10:35:00'),
(9002, 29, -1, 'ORDER_1001_PROCESSING_DEDUCT', 1001, '2024-01-12 10:35:00'),
(9003, 25, -2, 'ORDER_1002_PROCESSING_DEDUCT', 1002, '2024-01-12 14:25:00'),
(9004, 34, -2, 'ORDER_1003_PROCESSING_DEDUCT', 1003, '2024-02-12 11:40:00'),
(9005, 29, -1, 'ORDER_1003_PROCESSING_DEDUCT', 1003, '2024-02-12 11:40:00'),
(9006, 7,  -2, 'ORDER_1004_PROCESSING_DEDUCT', 1004, '2024-03-12 09:30:00'),
(9007, 13, -2, 'ORDER_1005_PROCESSING_DEDUCT', 1005, '2024-06-12 16:55:00'),
(9008, 52, -2, 'ORDER_1005_PROCESSING_DEDUCT', 1005, '2024-06-12 16:55:00'),
(9009, 19, -1, 'ORDER_1006_PROCESSING_DEDUCT', 1006, '2024-08-12 19:20:00'),
(9010, 2,  -2, 'ORDER_1006_PROCESSING_DEDUCT', 1006, '2024-08-12 19:20:00'),
(9011, 20, -2, 'ORDER_1008_PROCESSING_DEDUCT', 1008, '2024-12-18 18:45:00'),
(9013, 5,  -2, 'ORDER_1010_PROCESSING_DEDUCT', 1010, '2024-12-20 19:05:00'),
(9014, 44, -1, 'ORDER_1010_PROCESSING_DEDUCT', 1010, '2024-12-20 19:05:00'),
(9012, 20,  2, 'ORDER_1008_RETURNED_RESTOCK_INFERRED', 1008, '2024-12-28 20:30:00'),
(9015, 6,  -1, 'ORDER_1011_PROCESSING_DEDUCT', 1011, '2025-01-12 18:25:00'),
(9016, 44, -1, 'ORDER_1011_PROCESSING_DEDUCT', 1011, '2025-01-12 18:25:00'),
(9017, 13, -1, 'ORDER_1013_PROCESSING_DEDUCT', 1013, '2025-02-12 09:10:00'),
(9018, 6,  -2, 'ORDER_1013_PROCESSING_DEDUCT', 1013, '2025-02-12 09:10:00'),
(9019, 4,  -1, 'ORDER_1014_PROCESSING_DEDUCT', 1014, '2025-03-12 11:00:00'),
(9020, 1,  -1, 'ORDER_1014_PROCESSING_DEDUCT', 1014, '2025-03-12 11:00:00'),
(9021, 3,  -1, 'ORDER_1014_PROCESSING_DEDUCT', 1014, '2025-03-12 11:00:00'),
(9022, 6,  -4, 'ORDER_1015_PROCESSING_DEDUCT', 1015, '2025-03-12 16:20:00'),
(9023, 52, -2, 'ORDER_1015_PROCESSING_DEDUCT', 1015, '2025-03-12 16:20:00'),
(9024, 5,  -1, 'ORDER_1016_PROCESSING_DEDUCT', 1016, '2025-06-12 15:00:00'),
(9025, 13, -2, 'ORDER_1017_PROCESSING_DEDUCT', 1017, '2025-07-12 12:45:00'),
(9026, 42, -12,'ORDER_1018_PROCESSING_DEDUCT', 1018, '2025-09-12 10:05:00'),
(9027, 34, -10,'ORDER_1019_PROCESSING_DEDUCT', 1019, '2025-09-12 18:40:00'),
(9029, 20, -1, 'ORDER_1020_PROCESSING_DEDUCT', 1020, '2025-11-12 20:55:00'),
(9031, 6,  -4, 'ORDER_1021_PROCESSING_DEDUCT', 1021, '2025-12-12 09:45:00'),
(9032, 52, -2, 'ORDER_1021_PROCESSING_DEDUCT', 1021, '2025-12-12 09:45:00'),
(9033, 2,  -1, 'ORDER_1022_PROCESSING_DEDUCT', 1022, '2025-12-16 19:10:00'),
(9034, 1,  -1, 'ORDER_1022_PROCESSING_DEDUCT', 1022, '2025-12-16 19:10:00'),
(9035, 29, -1, 'ORDER_1022_PROCESSING_DEDUCT', 1022, '2025-12-16 19:10:00'),
(9028, 34,  10,'ORDER_1019_RETURN_RECEIVED_RESTOCK', 1019, '2025-12-21 21:25:00'),
(9030, 20,  1, 'ORDER_1020_RETURN_RECEIVED_RESTOCK', 1020, '2025-12-23 23:40:00');

INSERT INTO ORDER_HISTORY (id, order_id, previous_status, new_status, note, created_at) VALUES
(7001, 1001, NULL, 'new', 'Customer placed order', '2024-12-01 10:20:00'),
(7002, 1001, 'new', 'processing', 'OS started processing (deduct inventory)', '2024-12-01 10:35:00'),
(7003, 1001, 'processing', 'shipped', 'Handed to carrier', '2024-12-03 10:35:00'),
(7004, 1001, 'shipped', 'completed', 'Auto-complete after delivery window', '2024-12-06 10:35:00'),

(7005, 1002, NULL, 'new', 'Customer placed order', '2024-12-01 14:10:00'),
(7006, 1002, 'new', 'processing', 'OS started processing (deduct inventory)', '2024-12-01 14:25:00'),
(7007, 1002, 'processing', 'shipped', 'Handed to carrier', '2024-12-03 14:25:00'),
(7008, 1002, 'shipped', 'completed', 'Auto-complete after delivery window', '2024-12-06 14:25:00'),

(7009, 1003, NULL, 'new', 'Customer placed order', '2024-12-02 11:25:00'),
(7010, 1003, 'new', 'processing', 'OS started processing (deduct inventory)', '2024-12-02 11:40:00'),
(7011, 1003, 'processing', 'shipped', 'Handed to carrier', '2024-12-04 11:40:00'),
(7012, 1003, 'shipped', 'completed', 'Auto-complete after delivery window', '2024-12-07 11:40:00'),

(7013, 1004, NULL, 'new', 'Customer placed order', '2024-12-03 09:15:00'),
(7014, 1004, 'new', 'processing', 'OS started processing (deduct inventory)', '2024-12-03 09:30:00'),
(7015, 1004, 'processing', 'shipped', 'Handed to carrier', '2024-12-05 09:30:00'),
(7016, 1004, 'shipped', 'completed', 'Auto-complete after delivery window', '2024-12-08 09:30:00'),

(7017, 1005, NULL, 'new', 'Customer placed order', '2024-12-06 16:40:00'),
(7018, 1005, 'new', 'processing', 'OS started processing (deduct inventory)', '2024-12-06 16:55:00'),
(7019, 1005, 'processing', 'shipped', 'Handed to carrier', '2024-12-08 16:55:00'),
(7020, 1005, 'shipped', 'completed', 'Auto-complete after delivery window', '2024-12-11 16:55:00'),

(7021, 1006, NULL, 'new', 'Customer placed order', '2024-12-08 19:05:00'),
(7022, 1006, 'new', 'processing', 'OS started processing (deduct inventory)', '2024-12-08 19:20:00'),
(7023, 1006, 'processing', 'shipped', 'Handed to carrier', '2024-12-10 19:20:00'),
(7024, 1006, 'shipped', 'completed', 'Auto-complete after delivery window', '2024-12-13 19:20:00'),

(7025, 1007, NULL, 'new', 'Customer placed order', '2024-12-12 20:05:00'),
(7026, 1007, 'new', 'declined', 'Payment failed / declined', '2024-12-12 20:35:00'),

(7027, 1009, NULL, 'new', 'Customer placed order', '2024-12-14 09:10:00'),
(7028, 1009, 'new', 'cancelled', 'Customer cancelled before processing', '2024-12-14 09:40:00'),

(7029, 1008, NULL, 'new', 'Customer placed order', '2024-12-18 18:30:00'),
(7030, 1008, 'new', 'processing', 'OS started processing (deduct inventory)', '2024-12-18 18:45:00'),
(7031, 1008, 'processing', 'shipped', 'Handed to carrier', '2024-12-20 18:45:00'),
(7032, 1008, 'shipped', 'completed', 'Delivered successfully', '2024-12-23 18:45:00'),
(7033, 1008, 'completed', 'request_return', 'Customer requested return', '2024-12-28 18:45:00'),
(7034, 1008, 'request_return', 'receive_return_package', 'Warehouse received returned package', '2025-01-04 21:45:00'),
(7035, 1008, 'receive_return_package', 'returned', 'Legacy status in current ORDER dataset', '2025-01-05 21:45:00'),

(7036, 1010, NULL, 'new', 'Customer placed order', '2024-12-20 18:50:00'),
(7037, 1010, 'new', 'processing', 'OS started processing (deduct inventory)', '2024-12-20 19:05:00'),
(7038, 1010, 'processing', 'shipped', 'Handed to carrier', '2024-12-22 19:05:00'),
(7039, 1010, 'shipped', 'completed', 'Auto-complete after delivery window', '2024-12-25 19:05:00'),

(7040, 1011, NULL, 'new', 'Customer placed order', '2025-12-01 18:10:00'),
(7041, 1011, 'new', 'processing', 'OS started processing (deduct inventory)', '2025-12-01 18:25:00'),
(7042, 1011, 'processing', 'shipped', 'Handed to carrier', '2025-12-03 18:25:00'),
(7043, 1011, 'shipped', 'completed', 'Auto-complete after delivery window', '2025-12-06 18:25:00'),

(7044, 1012, NULL, 'new', 'Customer placed order', '2025-12-01 20:15:00'),
(7045, 1012, 'new', 'cancelled', 'Customer cancelled before processing', '2025-12-01 20:45:00'),

(7046, 1013, NULL, 'new', 'Customer placed order', '2025-12-02 08:55:00'),
(7047, 1013, 'new', 'processing', 'OS started processing (deduct inventory)', '2025-12-02 09:10:00'),
(7048, 1013, 'processing', 'shipped', 'Handed to carrier', '2025-12-04 09:10:00'),
(7049, 1013, 'shipped', 'completed', 'Auto-complete after delivery window', '2025-12-07 09:10:00'),

(7050, 1014, NULL, 'new', 'Customer placed order', '2025-12-03 10:45:00'),
(7051, 1014, 'new', 'processing', 'OS started processing (deduct inventory)', '2025-12-03 11:00:00'),
(7052, 1014, 'processing', 'shipped', 'Handed to carrier', '2025-12-05 11:00:00'),
(7053, 1014, 'shipped', 'completed', 'Auto-complete after delivery window', '2025-12-08 11:00:00'),

(7054, 1015, NULL, 'new', 'Customer placed order', '2025-12-03 16:05:00'),
(7055, 1015, 'new', 'processing', 'OS started processing (deduct inventory)', '2025-12-03 16:20:00'),
(7056, 1015, 'processing', 'shipped', 'Handed to carrier', '2025-12-05 16:20:00'),
(7057, 1015, 'shipped', 'completed', 'Auto-complete after delivery window', '2025-12-08 16:20:00'),

(7058, 1016, NULL, 'new', 'Customer placed order', '2025-12-06 14:45:00'),
(7059, 1016, 'new', 'processing', 'OS started processing (deduct inventory)', '2025-12-06 15:00:00'),
(7060, 1016, 'processing', 'shipped', 'Handed to carrier', '2025-12-08 15:00:00'),
(7061, 1016, 'shipped', 'completed', 'Auto-complete after delivery window', '2025-12-11 15:00:00'),

(7062, 1017, NULL, 'new', 'Customer placed order', '2025-12-07 12:30:00'),
(7063, 1017, 'new', 'processing', 'OS started processing (deduct inventory)', '2025-12-07 12:45:00'),
(7064, 1017, 'processing', 'shipped', 'Handed to carrier', '2025-12-09 12:45:00'),
(7065, 1017, 'shipped', 'completed', 'Auto-complete after delivery window', '2025-12-12 12:45:00'),

(7066, 1018, NULL, 'new', 'Customer placed order', '2025-12-09 09:50:00'),
(7067, 1018, 'new', 'processing', 'OS started processing (deduct inventory)', '2025-12-09 10:05:00'),
(7068, 1018, 'processing', 'shipped', 'Shipped (current final in ORDER)', '2025-12-11 10:05:00'),

(7069, 1019, NULL, 'new', 'Customer placed order', '2025-12-09 18:25:00'),
(7070, 1019, 'new', 'processing', 'OS started processing (deduct inventory)', '2025-12-09 18:40:00'),
(7071, 1019, 'processing', 'shipped', 'Handed to carrier', '2025-12-11 18:40:00'),
(7072, 1019, 'shipped', 'completed', 'Delivered successfully', '2025-12-14 18:40:00'),
(7073, 1019, 'completed', 'request_return', 'Customer requested return', '2025-12-19 18:40:00'),
(7074, 1019, 'request_return', 'receive_return_package', 'Warehouse received returned package (current final in ORDER)', '2025-12-21 21:40:00'),

(7075, 1020, NULL, 'new', 'Customer placed order', '2025-12-11 20:40:00'),
(7076, 1020, 'new', 'processing', 'OS started processing (deduct inventory)', '2025-12-11 20:55:00'),
(7077, 1020, 'processing', 'shipped', 'Handed to carrier', '2025-12-13 20:55:00'),
(7078, 1020, 'shipped', 'completed', 'Delivered successfully', '2025-12-16 20:55:00'),
(7079, 1020, 'completed', 'request_return', 'Customer requested return', '2025-12-21 20:55:00'),
(7080, 1020, 'request_return', 'receive_return_package', 'Warehouse received returned package (current final in ORDER)', '2025-12-23 23:55:00'),

(7081, 1021, NULL, 'new', 'Customer placed order', '2025-12-12 09:30:00'),
(7082, 1021, 'new', 'processing', 'OS started processing (deduct inventory)', '2025-12-12 09:45:00'),
(7083, 1021, 'processing', 'shipped', 'Handed to carrier', '2025-12-14 09:45:00'),
(7084, 1021, 'shipped', 'completed', 'Auto-complete after delivery window', '2025-12-17 09:45:00'),

(7085, 1022, NULL, 'new', 'Customer placed order', '2025-12-16 18:55:00'),
(7086, 1022, 'new', 'processing', 'Order is currently processing', '2025-12-16 19:10:00');

INSERT INTO 'RETURN'(id, order_id, user_id, reason, status, admin_note, proof_images, created_at, updated_at) VALUES
(6001,1008,12,'Product defective upon arrival','receive_return_package',
 'Item received, pending refund approval',NULL,
 '2024-12-23 18:45:00','2025-01-04 21:45:00'),

(6002,1019,18,'Wrong item delivered','receive_return_package',
 'Returned item received in good condition',NULL,
 '2025-12-14 18:40:00','2025-12-21 21:40:00'),

(6003,1020,17,'Changed mind after purchase','receive_return_package',
 'Package received, waiting for refund decision',NULL,
 '2025-12-16 20:55:00','2025-12-23 23:55:00');

INSERT INTO CART (id, user_id) VALUES
(3001, 11),
(3002, 12),
(3003, 13),
(3004, 14),
(3005, 15),
(3006, 16),
(3007, 17),
(3008, 18),
(3009, 19),
(3010, 20);

INSERT INTO CART_ITEMS (id, cart_id, product_variant_id, quantity) VALUES
(4001, 3001, 6,  1),
(4002, 3001, 29, 2),
(4003, 3002, 25, 1),
(4004, 3002, 52, 1),
(4005, 3003, 34, 2),
(4006, 3003, 31, 1),
(4007, 3004, 44, 1),
(4008, 3004, 2,  1),
(4009, 3005, 13, 1),
(4010, 3006, 4,  1),
(4011, 3006, 1,  1),
(4012, 3007, 20, 1),
(4013, 3007, 6,  1),
(4014, 3008, 42, 2),
(4015, 3009, 7,  1),
(4016, 3009, 52, 1),
(4017, 3010, 5,  1),
(4018, 3010, 29, 1);

INSERT INTO address (id, user_id, recipient_name, phone, detail_address, is_default) VALUES
(2001, 11, 'Emma Johnson',     '703-555-1101', '1207 Maple Ave, Arlington, VA 22201', TRUE),
(2002, 11, 'Emma Johnson',     '703-555-1102', '55 Wilson Blvd, Arlington, VA 22203', FALSE),
(2003, 12, 'William Anderson', '703-555-1201', '88 King St, Alexandria, VA 22314', TRUE),
(2004, 13, 'Mia Martinez',     '703-555-1301', '410 River Rd, Fairfax, VA 22030', TRUE),
(2005, 13, 'Mia Martinez',     '703-555-1302', '900 Old Lee Hwy, Fairfax, VA 22031', FALSE),
(2006, 14, 'Benjamin Taylor',  '703-555-1401', '15 Oak Dr, Falls Church, VA 22043', TRUE),
(2007, 15, 'Harper Wilson',    '703-555-1501', '900 Sunset Blvd, Arlington, VA 22203', TRUE),
(2008, 16, 'Daniel Thomas',    '703-555-1601', '77 Lake View Rd, Vienna, VA 22180', TRUE),
(2009, 17, 'Evelyn Moore',     '703-555-1701', '302 Pine St, Reston, VA 20190', TRUE),
(2010, 17, 'Evelyn Moore',     '703-555-1702', '18 Lake Anne Dr, Reston, VA 20191', FALSE),
(2011, 18, 'Logan Jackson',    '703-555-1801', '11 Cedar Ln, Herndon, VA 20170', TRUE),
(2012, 19, 'Abigail White',    '703-555-1901', '66 Birch Rd, Springfield, VA 22150', TRUE),
(2013, 20, 'Henry Harris',     '703-555-2001', '5 Garden Ct, Manassas, VA 20110', TRUE);